Title,URL,Description,Details,ShortDetails,Resource,Type,Identifiers,Db,EntrezUID,Properties
"Prognosis and clinical characteristics of colorectal cancer patients with KRAS gene mutation: a 5-year follow-up study.","/pubmed/31933846","Yang D, Lai X, Xu F, Li Y, Jiang W, Ma D.","Int J Clin Exp Pathol. 2019 Feb 1;12(2):409-418. eCollection 2019.","Int J Clin Exp Pathol.  2019","PubMed","citation","PMID:31933846 | PMCID:PMC6945095","pubmed","31933846","create date:2020/01/15 | first author:Yang D",
"Impact of Single-organ Metastasis to the Liver or Lung and Genetic Mutation Status on Prognosis in Stage IV Colorectal Cancer.","/pubmed/31899147","Cavallaro P, Bordeianou L, Stafford C, Clark J, Berger D, Cusack J, Kunitake H, Francone T, Ricciardi R.","Clin Colorectal Cancer. 2019 Dec 10. pii: S1533-0028(19)30482-7. doi: 10.1016/j.clcc.2019.12.001. [Epub ahead of print]","Clin Colorectal Cancer.  2019","PubMed","citation","PMID:31899147","pubmed","31899147","create date:2020/01/04 | first author:Cavallaro P",
"Coaltered Ras/B-raf and TP53 Is Associated with Extremes of Survivorship and Distinct Patterns of Metastasis in Patients with Metastatic Colorectal Cancer.","/pubmed/31719050","Datta J, Smith JJ, Chatila WK, McAuliffe JC, Kandoth C, Vakiani E, Frankel TL, Ganesh K, Wasserman I, Lipsyc-Sharf M, Guillem J, Nash GM, Paty PB, Weiser MR, Saltz LB, Berger MF, Jarnagin WR, Balachandran V, Kingham TP, Kemeny NE, Cercek A, Garcia-Aguilar J, et al.","Clin Cancer Res. 2019 Nov 12. doi: 10.1158/1078-0432.CCR-19-2390. [Epub ahead of print]","Clin Cancer Res.  2019","PubMed","citation","PMID:31719050","pubmed","31719050","create date:2019/11/14 | first author:Datta J",
"Use of perioperative chemotherapy in colorectal cancer metastatic to the liver.","/pubmed/31687149","Symonds LK, Cohen SA.","Gastroenterol Rep (Oxf). 2019 Aug 21;7(5):301-311. doi: 10.1093/gastro/goz035. eCollection 2019 Oct. Review.","Gastroenterol Rep (Oxf).  2019","PubMed","citation","PMID:31687149 | PMCID:PMC6821343","pubmed","31687149","create date:2019/11/07 | first author:Symonds LK",
"RAS mutation: site of disease and recurrence pattern in colorectal cancer.","/pubmed/31597436","Bonnot PE, Passot G.","Chin Clin Oncol. 2019 Oct;8(5):55. doi: 10.21037/cco.2019.08.11.","Chin Clin Oncol.  2019","PubMed","citation","PMID:31597436","pubmed","31597436","create date:2019/10/11 | first author:Bonnot PE",
"The association of KRAS mutation with primary tumor location and survival in patients undergoing resection of colorectal cancers and synchronous liver metastases.","/pubmed/31500429","Allievi N, Goffredo P, Utria AF, Pisano M, Poiasina E, Lucianetti A, Zhou P, Hassan I.","Chin Clin Oncol. 2019 Oct;8(5):46. doi: 10.21037/cco.2019.08.10. Epub 2019 Sep 2.","Chin Clin Oncol.  2019","PubMed","citation","PMID:31500429","pubmed","31500429","create date:2019/09/11 | first author:Allievi N",
"Combination chemotherapy with TAS-102 plus bevacizumab in salvage-line treatment of metastatic colorectal cancer: A single-center, retrospective study examining the prognostic value of the modified Glasgow Prognostic Score in salvage-line therapy of metastatic colorectal cancer.","/pubmed/31475067","Matsuhashi N, Takahashi T, Fujii H, Suetsugu T, Fukada M, Iwata Y, Tokumaru Y, Imai T, Mori R, Tanahashi T, Matsui S, Imai H, Tanaka Y, Yamaguchi K, Futamura M, Yoshida K.","Mol Clin Oncol. 2019 Oct;11(4):390-396. doi: 10.3892/mco.2019.1899. Epub 2019 Jul 18.","Mol Clin Oncol.  2019","PubMed","citation","PMID:31475067 | PMCID:PMC6713946","pubmed","31475067","create date:2019/09/03 | first author:Matsuhashi N",
"Timing of Perioperative Chemotherapy Does Not Influence Long-Term Outcome of Patients Undergoing Combined Laparoscopic Colorectal and Liver Resection in Selected Upfront Resectable Synchronous Liver Metastases.","/pubmed/31451846","Ratti F, Fuks D, Cipriani F, Gayet B, Aldrighetti L.","World J Surg. 2019 Dec;43(12):3110-3119. doi: 10.1007/s00268-019-05142-4.","World J Surg.  2019","PubMed","citation","PMID:31451846","pubmed","31451846","create date:2019/08/28 | first author:Ratti F",
"Prognostic impact of K-RAS mutational status and primary tumor location in patients undergoing resection for colorectal cancer liver metastases: an update.","/pubmed/31426677","O Connor JM, Sanchez Loria F, Ardiles V, Grondona J, Sanchez P, Andriani O, Fauda M, Brancato F, Huertas E, Alvarez F, de Santibañes E.","Future Oncol. 2019 Sep;15(27):3149-3157. doi: 10.2217/fon-2019-0196. Epub 2019 Aug 20.","Future Oncol.  2019","PubMed","citation","PMID:31426677","pubmed","31426677","create date:2019/08/21 | first author:O Connor JM",
"Lung Metastasis Predicts Better Prognosis in Metastatic Colorectal Cancer With Mutated KRAS.","/pubmed/31324478","Margalit O, Shacham-Shmueli E, Lawrence YR, Yang YX, Reiss KA, Golan T, Mamtani R, Halpern N, Aderka D, Giantonio B, Boursi B.","Clin Colorectal Cancer. 2019 Sep;18(3):e300-e307. doi: 10.1016/j.clcc.2019.06.001. Epub 2019 Jun 26.","Clin Colorectal Cancer.  2019","PubMed","citation","PMID:31324478","pubmed","31324478","create date:2019/07/22 | first author:Margalit O",
"Malignant phyllodes tumor in Lynch syndrome: a case report.","/pubmed/31307558","Kazmi S, Wagner S, Heintzelman R, Corbman M.","J Med Case Rep. 2019 Jul 16;13(1):216. doi: 10.1186/s13256-019-2138-0.","J Med Case Rep.  2019","PubMed","citation","PMID:31307558 | PMCID:PMC6631613","pubmed","31307558","create date:2019/07/17 | first author:Kazmi S",
"Prognostic and predictive markers in liver limited stage IV colorectal cancer.","/pubmed/31279594","Rehman AH, Jones RP, Poston G.","Eur J Surg Oncol. 2019 Dec;45(12):2251-2256. doi: 10.1016/j.ejso.2019.06.038. Epub 2019 Jun 27. Review.","Eur J Surg Oncol.  2019","PubMed","citation","PMID:31279594","pubmed","31279594","create date:2019/07/08 | first author:Rehman AH",
"Prospective Biomarker Study in Advanced RAS Wild-Type Colorectal Cancer: POSIBA Trial (GEMCAD 10-02).","/pubmed/31235483","García-Albéniz X, Alonso V, Escudero P, Méndez M, Gallego J, Rodríguez JR, Salud A, Fernández-Plana J, Manzano H, Zanui M, Falcó E, Feliu J, Gil M, Fernández-Martos C, Bohn U, Alonso C, Calderero V, Rojo F, Cuatrecasas M, Maurel J.","Oncologist. 2019 Nov;24(11):e1115-e1122. doi: 10.1634/theoncologist.2018-0728. Epub 2019 Jun 24.","Oncologist.  2019","PubMed","citation","PMID:31235483 | PMCID:PMC6853109","pubmed","31235483","create date:2019/06/27 | first author:García-Albéniz X",
"[Case of Hyperammonemia Induced by High-Dose Fluorouracil].","/pubmed/31189842","Hagiwara A, Abe M, Mafune K, Saito M, Kusakabe A.","Gan To Kagaku Ryoho. 2019 May;46(Suppl 1):147-149. Japanese. ","Gan To Kagaku Ryoho.  2019","PubMed","citation","PMID:31189842","pubmed","31189842","create date:2019/06/14 | first author:Hagiwara A",
"[Long-Term Effectiveness of Chemotherapy Containing mFOLFOX6 plus Panitumumab and 5-FU/l-LV plus Panitumumab after Primary Tumor Resection in a Case of Ascending Colon Carcinoma and Multiple Hepatic Metastases].","/pubmed/31164512","Kitahama T, Gomyo Y, Okada I, Akita N, Ikeno T, Miyamoto H.","Gan To Kagaku Ryoho. 2019 Apr;46(4):709-712. Japanese. ","Gan To Kagaku Ryoho.  2019","PubMed","citation","PMID:31164512","pubmed","31164512","create date:2019/06/06 | first author:Kitahama T",
"Primary tumour location affects survival after resection of colorectal liver metastases: A two-institutional cohort study with international validation, systematic meta-analysis and a clinical risk score.","/pubmed/31150437","Gasser E, Braunwarth E, Riedmann M, Cardini B, Fadinger N, Presl J, Klieser E, Ellmerer P, Dupré A, Imai K, Malik H, Baba H, Ulmer H, Schneeberger S, Öfner D, Dinnewitzer A, Stättner S, Primavesi F.","PLoS One. 2019 May 31;14(5):e0217411. doi: 10.1371/journal.pone.0217411. eCollection 2019.","PLoS One.  2019","PubMed","citation","PMID:31150437 | PMCID:PMC6544347","pubmed","31150437","create date:2019/06/01 | first author:Gasser E",
"Primary hepatic gastrointestinal stromal tumor with right adrenal gland invasion: A case report and systematic literature review.","/pubmed/31096446","Xu L, Zhang M, Xu M.","Medicine (Baltimore). 2019 May;98(20):e15482. doi: 10.1097/MD.0000000000015482.","Medicine (Baltimore).  2019","PubMed","citation","PMID:31096446 | PMCID:PMC6531123","pubmed","31096446","create date:2019/05/18 | first author:Xu L",
"The primary tumor location impacts survival outcome of colorectal liver metastases after hepatic resection: A systematic review and meta-analysis.","/pubmed/31054852","Liu W, Wang HW, Wang K, Xing BC.","Eur J Surg Oncol. 2019 Aug;45(8):1349-1356. doi: 10.1016/j.ejso.2019.04.017. Epub 2019 Apr 25. Review.","Eur J Surg Oncol.  2019","PubMed","citation","PMID:31054852","pubmed","31054852","create date:2019/05/06 | first author:Liu W",
"Partial response after treatment with Conversion chemotherapy: A case report of a patient with colon cancer and unresectable hepatic metastases.","/pubmed/31027071","Bu Z, Lu C, Yang X, Lai H, Jiang Y, Li Y, Lin Y, Qin Y, Xiao M, Cheng C, Liu Q.","Medicine (Baltimore). 2019 Apr;98(17):e15239. doi: 10.1097/MD.0000000000015239.","Medicine (Baltimore).  2019","PubMed","citation","PMID:31027071 | PMCID:PMC6831392","pubmed","31027071","create date:2019/04/28 | first author:Bu Z",
"Loss of LKB1 Protein Expression Correlates with Increased Risk of Recurrence and Death in Patients with Resected, Stage II or III Colon Cancer.","/pubmed/30913862","Sfakianaki M, Papadaki C, Tzardi M, Trypaki M, Alam S, Lagoudaki ED, Messaritakis I, Zoras O, Mavroudis D, Georgoulias V, Souglakos J.","Cancer Res Treat. 2019 Oct;51(4):1518-1526. doi: 10.4143/crt.2019.008. Epub 2019 Mar 20.","Cancer Res Treat.  2019","PubMed","citation","PMID:30913862 | PMCID:PMC6790836","pubmed","30913862","create date:2019/03/28 | first author:Sfakianaki M",
"A Case Presentation of a Patient with Microsatellite Instability and BRAF Mutant Metastatic Colon Cancer and Bibliography Update.","/pubmed/30911424","Thomopoulou K, Tzardi M, Mavroudis D, Souglakos I.","Case Rep Oncol Med. 2019 Feb 17;2019:4767019. doi: 10.1155/2019/4767019. eCollection 2019.","Case Rep Oncol Med.  2019","PubMed","citation","PMID:30911424 | PMCID:PMC6398041","pubmed","30911424","create date:2019/03/27 | first author:Thomopoulou K",
"BRAF V600E and SRC mutations as molecular markers for predicting prognosis and conversion surgery in Stage IV colorectal cancer.","/pubmed/30792536","Shimada Y, Muneoka Y, Nagahashi M, Ichikawa H, Tajima Y, Hirose Y, Ando T, Nakano M, Sakata J, Kameyama H, Takii Y, Ling Y, Okuda S, Takabe K, Wakai T.","Sci Rep. 2019 Feb 21;9(1):2466. doi: 10.1038/s41598-019-39328-6.","Sci Rep.  2019","PubMed","citation","PMID:30792536 | PMCID:PMC6384937","pubmed","30792536","create date:2019/02/23 | first author:Shimada Y",
"[A Case Report of Sigmoid Colon Cancer with a Synchronous Large Liver Metastasis Curatively Resected Following Multidisciplinary Therapy].","/pubmed/30692417","Suzuki Y, Mikamori M, Saito T, Furukawa K, Ohtsuka M, Kishi K, Tanemura M, Akamatsu H.","Gan To Kagaku Ryoho. 2018 Dec;45(13):1979-1981. Japanese. ","Gan To Kagaku Ryoho.  2018","PubMed","citation","PMID:30692417","pubmed","30692417","create date:2019/01/30 | first author:Suzuki Y",
"[A Case of Ascending Colon Cancer with Hepatic Metastases Showing Remarkable Efficacy of CapeOX plus Bevacizumab].","/pubmed/30692304","Shimojima Y, Yokomizo H, Okayama S, Yamada Y, Satake M, Yano Y, Asaka S, Usui T, Shiozawa S, Yoshimatsu K, Shimakawa T, Katsube T, Kato H, Naritaka Y.","Gan To Kagaku Ryoho. 2018 Dec;45(13):2120-2122. Japanese. ","Gan To Kagaku Ryoho.  2018","PubMed","citation","PMID:30692304","pubmed","30692304","create date:2019/01/30 | first author:Shimojima Y",
"Outcomes for Metastatic Colorectal Cancer Based on Microsatellite Instability: Results from the South Australian Metastatic Colorectal Cancer Registry.","/pubmed/30659494","Chong LC, Townsend AR, Young J, Roy A, Piantadosi C, Hardingham JE, Roder D, Karapetis C, Padbury R, Maddern G, Moore J, Price TJ.","Target Oncol. 2019 Feb;14(1):85-91. doi: 10.1007/s11523-018-0615-9.","Target Oncol.  2019","PubMed","citation","PMID:30659494","pubmed","30659494","create date:2019/01/20 | first author:Chong LC",
"Intrabiliary growth type of metastasis from colon cancer, 12 years after curative colectomy: a case report.","/pubmed/30658608","Sasaki S, Nomura Y, Fukutomi S, Shirahama N, Kusano H, Akiba J, Sakai H, Hisaka T, Nakashima O, Yano H, Akagi Y, Tanaka H, Okuda K.","BMC Surg. 2019 Jan 18;19(1):8. doi: 10.1186/s12893-018-0466-4.","BMC Surg.  2019","PubMed","citation","PMID:30658608 | PMCID:PMC6339384","pubmed","30658608","create date:2019/01/20 | first author:Sasaki S",
"[Perioperative treatment with FOLFIRI plus aflibercept in a patient with RAS and BRAF wild-type, left-sided colon cancer, with early relapse following adjuvant oxaliplatin- based treatment due to potentially resectable liver metastases].","/pubmed/30565584","Pietrantonio F.","Recenti Prog Med. 2018 Nov;109(11):24e-26e. doi: 10.1701/3031.30303. Italian. ","Recenti Prog Med.  2018","PubMed","citation","PMID:30565584","pubmed","30565584","create date:2018/12/20 | first author:Pietrantonio F",
"[Treatment with FOLFIRI plus aflibercept in a patient with RAS and BRAF wild-type, right-sided colon cancer and potentially resectable liver metastases].","/pubmed/30565583","Pietrantonio F.","Recenti Prog Med. 2018 Nov;109(11):20e-23e. doi: 10.1701/3031.30302. Italian. ","Recenti Prog Med.  2018","PubMed","citation","PMID:30565583","pubmed","30565583","create date:2018/12/20 | first author:Pietrantonio F",
"Patients with RAS wild-type right-sided unresectable liver-confined mCRC also benefit from cetuximab plus chemotherapy in first-line treatment.","/pubmed/30555748","Zheng P, Ren L, Feng Q, Zhu D, Chang W, He G, Ji M, Jian M, Lin Q, Yi T, Wei Y, Xu J.","Am J Cancer Res. 2018 Nov 1;8(11):2337-2345. eCollection 2018.","Am J Cancer Res.  2018","PubMed","citation","PMID:30555748 | PMCID:PMC6291650","pubmed","30555748","create date:2018/12/18 | first author:Zheng P",
"[Analyses of Relapsed Cases after Oxaliplatin-Based Adjuvant Chemotherapy for Colorectal Cancer with Cur A Resection].","/pubmed/30382064","Yoshimatsu K, Satake M, Sano M, Kodera A, Imaizumi R, Ito Y, Koike T, Yokomizo H, Yano Y, Okayama S, Yamada Y, Asaka S, Usui T, Yamaguchi K, Shiozawa S, Shimakawa T, Katsube T, Naritaka Y.","Gan To Kagaku Ryoho. 2018 Oct;45(10):1519-1520. Japanese. ","Gan To Kagaku Ryoho.  2018","PubMed","citation","PMID:30382064","pubmed","30382064","create date:2018/11/02 | first author:Yoshimatsu K",
"The Prognostic Impact of KRAS Mutation in Patients Having Curative Resection of Synchronous Colorectal Liver Metastases.","/pubmed/30276588","Goffredo P, Utria AF, Beck AC, Chun YS, Howe JR, Weigel RJ, Vauthey JN, Hassan I.","J Gastrointest Surg. 2019 Oct;23(10):1957-1963. doi: 10.1007/s11605-018-3978-4. Epub 2018 Oct 1.","J Gastrointest Surg.  2019","PubMed","citation","PMID:30276588","pubmed","30276588","create date:2018/10/03 | first author:Goffredo P",
"Surgical Resection for Recurrence After Two-Stage Hepatectomy for Colorectal Liver Metastases Is Feasible, Is Safe, and Improves Survival.","/pubmed/30084064","Lillemoe HA, Kawaguchi Y, Passot G, Karagkounis G, Simoneau E, You YN, Mehran RJ, Chun YS, Tzeng CD, Aloia TA, Vauthey JN.","J Gastrointest Surg. 2019 Jan;23(1):84-92. doi: 10.1007/s11605-018-3890-y. Epub 2018 Aug 6.","J Gastrointest Surg.  2019","PubMed","citation","PMID:30084064 | PMCID:PMC6329635","pubmed","30084064","create date:2018/08/08 | first author:Lillemoe HA",
"Fatal interstitial lung disease caused by Panitumumab-containing chemotherapy regimen.","/pubmed/30034518","Al-Asadi O, Almusarhed M, Rizvi SAJ, Saka W.","Ecancermedicalscience. 2018 Jun 7;12:841. doi: 10.3332/ecancer.2018.841. eCollection 2018.","Ecancermedicalscience.  2018","PubMed","citation","PMID:30034518 | PMCID:PMC6027982","pubmed","30034518","create date:2018/07/24 | first author:Al-Asadi O",
"Genomic alterations accompanying tumour evolution in colorectal cancer: tracking the differences between primary tumours and synchronous liver metastases by whole-exome sequencing.","/pubmed/30029640","Mogensen MB, Rossing M, Østrup O, Larsen PN, Heiberg Engel PJ, Jørgensen LN, Hogdall EV, Eriksen J, Ibsen P, Jess P, Grauslund M, Nielsen HJ, Nielsen FC, Vainer B, Osterlind K.","BMC Cancer. 2018 Jul 20;18(1):752. doi: 10.1186/s12885-018-4639-4.","BMC Cancer.  2018","PubMed","citation","PMID:30029640 | PMCID:PMC6053835","pubmed","30029640","create date:2018/07/22 | first author:Mogensen MB",
"First report of an Asian family with gastric adenocarcinoma and proximal polyposis of the stomach (GAPPS) revealed with the germline mutation of the APC exon 1B promoter region.","/pubmed/29968043","Mitsui Y, Yokoyama R, Fujimoto S, Kagemoto K, Kitamura S, Okamoto K, Muguruma N, Bando Y, Eguchi H, Okazaki Y, Ishida H, Takayama T.","Gastric Cancer. 2018 Nov;21(6):1058-1063. doi: 10.1007/s10120-018-0855-5. Epub 2018 Jul 2.","Gastric Cancer.  2018","PubMed","citation","PMID:29968043","pubmed","29968043","create date:2018/07/04 | first author:Mitsui Y",
"Consensus statement on essential patient characteristics in systemic treatment trials for metastatic colorectal cancer: Supported by the ARCAD Group.","/pubmed/29936065","Goey KKH, Sørbye H, Glimelius B, Adams RA, André T, Arnold D, Berlin JD, Bodoky G, de Gramont A, Díaz-Rubio E, Eng C, Falcone A, Grothey A, Heinemann V, Hochster HS, Kaplan RS, Kopetz S, Labianca R, Lieu CH, Meropol NJ, Price TJ, Schilsky RL, et al.","Eur J Cancer. 2018 Sep;100:35-45. doi: 10.1016/j.ejca.2018.05.010. Epub 2018 Jun 22.","Eur J Cancer.  2018","PubMed","citation","PMID:29936065","pubmed","29936065","create date:2018/06/25 | first author:Goey KKH",
"Anatomy of the Right Anterior Sector of the Liver and Its Clinical Implications in Surgery.","/pubmed/29916108","Cazauran JB, Pâris L, Rousset P, Mercier F, Kepenekian V, Viste A, Passot G.","J Gastrointest Surg. 2018 Oct;22(10):1819-1831. doi: 10.1007/s11605-018-3831-9. Epub 2018 Jun 18. Review.","J Gastrointest Surg.  2018","PubMed","citation","PMID:29916108","pubmed","29916108","create date:2018/06/20 | first author:Cazauran JB",
"Segment 7 Laparoscopic Liver Resection: Is It Possible to Resect When Metastatic Lesions Border Suprahepatic Veins?","/pubmed/29855869","Moisan F, Gayet B, Ward MA, Tabchouri N, Fuks D.","J Gastrointest Surg. 2018 Sep;22(9):1643-1644. doi: 10.1007/s11605-018-3824-8. Epub 2018 May 31.","J Gastrointest Surg.  2018","PubMed","citation","PMID:29855869","pubmed","29855869","create date:2018/06/02 | first author:Moisan F",
"Association of BRAF Mutations With Survival and Recurrence in Surgically Treated Patients With Metastatic Colorectal Liver Cancer.","/pubmed/29799910","Margonis GA, Buettner S, Andreatos N, Kim Y, Wagner D, Sasaki K, Beer A, Schwarz C, Løes IM, Smolle M, Kamphues C, He J, Pawlik TM, Kaczirek K, Poultsides G, Lønning PE, Cameron JL, Burkhart RA, Gerger A, Aucejo FN, Kreis ME, Wolfgang CL, et al.","JAMA Surg. 2018 Jul 18;153(7):e180996. doi: 10.1001/jamasurg.2018.0996. Epub 2018 Jul 18.","JAMA Surg.  2018","PubMed","citation","PMID:29799910 | PMCID:PMC6137519","pubmed","29799910","create date:2018/05/26 | first author:Margonis GA",
"Colorectal Liver Metastases: A Pathologist's Guide to Creating an Informative Report and Improving Patient Care.","/pubmed/29790787","Moreno Prats M, Sasatomi E, Stevenson HL.","Arch Pathol Lab Med. 2019 Feb;143(2):251-257. doi: 10.5858/arpa.2017-0505-RA. Epub 2018 May 23. Review.","Arch Pathol Lab Med.  2019","PubMed","citation","PMID:29790787","pubmed","29790787","create date:2018/05/24 | first author:Moreno Prats M",
"Promising New Agents for Colorectal Cancer.","/pubmed/29752549","Das S, Ciombor KK, Haraldsdottir S, Goldberg RM.","Curr Treat Options Oncol. 2018 May 11;19(6):29. doi: 10.1007/s11864-018-0543-z. Review.","Curr Treat Options Oncol.  2018","PubMed","citation","PMID:29752549 | PMCID:PMC6499928","pubmed","29752549","create date:2018/05/13 | first author:Das S",
"First-line molecular therapies in the treatment of metastatic colorectal cancer - a literature-based review of phases II and III trials.","/pubmed/31579770","Vogel A, Kirstein MM.","Innov Surg Sci. 2018 May 7;3(2):85-86. doi: 10.1515/iss-2018-0012. eCollection 2018 Jun. Review.","Innov Surg Sci.  2018","PubMed","citation","PMID:31579770 | PMCID:PMC6604573","pubmed","31579770","create date:2018/05/07 | first author:Vogel A",
"Is primary sidedness a prognostic factor in patients with resected colon cancer liver metastases (CLM)?","/pubmed/29611198","Marques MC, C Ribeiro HS, Costa WL Jr, de Jesus VHF, de Macedo MP, Diniz AL, Godoy AL, Farias IC, Aguiar S Jr, Riechelmann RSP, S Begnami MDF, Coimbra FJF.","J Surg Oncol. 2018 Apr;117(5):858-863. doi: 10.1002/jso.25048. Epub 2018 Apr 2.","J Surg Oncol.  2018","PubMed","citation","PMID:29611198","pubmed","29611198","create date:2018/04/04 | first author:Marques MC",
"The impact of primary tumour location in patients undergoing hepatic resection for colorectal liver metastasis.","/pubmed/29580735","Wang K, Xu D, Yan XL, Poston G, Xing BC.","Eur J Surg Oncol. 2018 Jun;44(6):771-777. doi: 10.1016/j.ejso.2018.02.210. Epub 2018 Mar 2.","Eur J Surg Oncol.  2018","PubMed","citation","PMID:29580735","pubmed","29580735","create date:2018/03/28 | first author:Wang K",
"Emergence of KRAS-mutation in liver metastases after an anti-EGFR treatment in patient with colorectal cancer: Are we aware of the therapeutic impact of intratumor heterogeneity?","/pubmed/29580164","Baretti M, Personeni N, Destro A, Santoro A, Rimassa L.","Cancer Biol Ther. 2018 Aug 3;19(8):659-663. doi: 10.1080/15384047.2018.1450117. Epub 2018 Apr 13.","Cancer Biol Ther.  2018","PubMed","citation","PMID:29580164 | PMCID:PMC6067891","pubmed","29580164","create date:2018/03/28 | first author:Baretti M",
"[A Case of Surgery after Chemotherapy for Cecal Cancer with Onset of the Stenosis of the Colostomy].","/pubmed/29483445","Kono T, Yokomizo H, Yano Y, Okayama S, Satake M, Yamada Y, Ida A, Usui T, Yamaguchi K, Shiozawa S, Yoshimatsu K, Shimakawa T, Katsube T, Kato H, Naritaka Y.","Gan To Kagaku Ryoho. 2018 Feb;45(2):353-355. Japanese. ","Gan To Kagaku Ryoho.  2018","PubMed","citation","PMID:29483445","pubmed","29483445","create date:2018/02/28 | first author:Kono T",
"[Two Cases of Colorectal Cancer with SRC Amplification].","/pubmed/29394766","Oyanagi H, Shimada Y, Yagi R, Tajima Y, Ichikawa H, Nakano M, Nakano M, Nagahashi M, Sakata J, Kameyama H, Kobayashi T, Nogami H, Maruyama S, Takii Y, Wakai T.","Gan To Kagaku Ryoho. 2017 Nov;44(12):1757-1759. Japanese. ","Gan To Kagaku Ryoho.  2017","PubMed","citation","PMID:29394766","pubmed","29394766","create date:2018/02/06 | first author:Oyanagi H",
"[A Patient Who Underwent Resection of Liver Metastases after Receiving Systemic Chemotherapy for Advanced Rectal Cancer and Multiple Liver Metastases].","/pubmed/29394695","Maruyama M, Nakamura T, Soeno T, Shimazu M, Tsutsui A, Tajima H, Miura H, Yamanashi T, Satoh T, Kumamoto Y, Watanabe M.","Gan To Kagaku Ryoho. 2017 Nov;44(12):1541-1543. Japanese. ","Gan To Kagaku Ryoho.  2017","PubMed","citation","PMID:29394695","pubmed","29394695","create date:2018/02/06 | first author:Maruyama M",
"[Two Cases of Achieving a Pathological Complete Response via Hepatic Arterial Infusion Chemotherapy for Liver-Limited and Unresectable Liver Metastases from Colorectal Cancer with RAS Mutations].","/pubmed/29394623","Hamanaka M, Noda M, Imada A, Song J, Kimura K, Babaya A, Kobayashi M, Tsukamoto K, Yamano T, Ikeda M, Tomita N.","Gan To Kagaku Ryoho. 2017 Nov;44(12):1329-1331. Japanese. ","Gan To Kagaku Ryoho.  2017","PubMed","citation","PMID:29394623","pubmed","29394623","create date:2018/02/06 | first author:Hamanaka M",
"[Two Cases of Colon Cancer with Severe Liver Dysfunction Due to Multiple Liver Metastases Effectively Treated with Hepatic Arterial Infusion Chemotherapy plus CetuximabFollowed by Systemic Chemotherapy].","/pubmed/29394595","Orita F, Ishikawa T, Sasaki M, Miura T, Tokura M, Hanaoka M, Yamauchi S, Kikuchi A, Ishiguro M, Yasuno M, Uetake H.","Gan To Kagaku Ryoho. 2017 Nov;44(12):1245-1247. Japanese. ","Gan To Kagaku Ryoho.  2017","PubMed","citation","PMID:29394595","pubmed","29394595","create date:2018/02/06 | first author:Orita F",
"[A Case of Ascending Colon Cancer with Synchronous Liver Metastases and Peritoneal Dissemination].","/pubmed/29394555","Mito M, Kameyama H, Shimada Y, Yamada S, Hotta S, Hirose Y, Yagi R, Tajima Y, Nakano M, Okamura T, Nakano M, Ichikawa H, Nagahashi M, Sakata J, Wakai T.","Gan To Kagaku Ryoho. 2017 Nov;44(12):1126-1128. Japanese. ","Gan To Kagaku Ryoho.  2017","PubMed","citation","PMID:29394555","pubmed","29394555","create date:2018/02/06 | first author:Mito M",
"Sebaceous tumours: more than skin deep.","/pubmed/29247065","Jockenhöfer F, Schimming TT, Schaller J, Moege J, Livingstone E, Salva KA, Zimmer L, Schadendorf D, Rösch A.","Gut. 2018 Nov;67(11):1957. doi: 10.1136/gutjnl-2017-315472. Epub 2017 Dec 15.","Gut.  2018","PubMed","citation","PMID:29247065","pubmed","29247065","create date:2017/12/17 | first author:Jockenhöfer F",
"Classifying Colorectal Cancer by Tumor Location Rather than Sidedness Highlights a Continuum in Mutation Profiles and Consensus Molecular Subtypes.","/pubmed/29180604","Loree JM, Pereira AAL, Lam M, Willauer AN, Raghav K, Dasari A, Morris VK, Advani S, Menter DG, Eng C, Shaw K, Broaddus R, Routbort MJ, Liu Y, Morris JS, Luthra R, Meric-Bernstam F, Overman MJ, Maru D, Kopetz S.","Clin Cancer Res. 2018 Mar 1;24(5):1062-1072. doi: 10.1158/1078-0432.CCR-17-2484. Epub 2017 Nov 27.","Clin Cancer Res.  2018","PubMed","citation","PMID:29180604 | PMCID:PMC5844818","pubmed","29180604","create date:2017/11/29 | first author:Loree JM",
"The impact of primary tumor location in patients with metastatic colorectal cancer: a Korean Cancer Study Group CO12-04 study.","/pubmed/29172407","Byun JH, Ahn JB, Kim SY, Kang JH, Zang DY, Kang SY, Kang MJ, Shim BY, Baek SK, Kim BS, Lee KH, Lee SI, Cho SH, Sohn BS, Kim S, Hwang IG, Nam EM, Seo BG, Oh SC, Lee MA, Lee SC, Hong JH, et al.","Korean J Intern Med. 2019 Jan;34(1):165-177. doi: 10.3904/kjim.2016.348. Epub 2017 Nov 28.","Korean J Intern Med.  2019","PubMed","citation","PMID:29172407 | PMCID:PMC6325446","pubmed","29172407","create date:2017/11/28 | first author:Byun JH",
"Impact of RAS Mutations in Metastatic Colorectal Cancer After Potentially Curative Resection: Does Site of Metastases Matter?","/pubmed/29071660","Passot G, Kim BJ, Glehen O, Mehran RJ, Kopetz SE, Goere D, Overman MJ, Pocard M, Marchal F, Conrad C, Aloia TA, Vauthey JN, Chun YS; BIG-RENAPE Working Group..","Ann Surg Oncol. 2018 Jan;25(1):179-187. doi: 10.1245/s10434-017-6141-7. Epub 2017 Oct 25.","Ann Surg Oncol.  2018","PubMed","citation","PMID:29071660","pubmed","29071660","create date:2017/10/27 | first author:Passot G",
"The role of cetuximab in converting initially unresectable colorectal cancer liver metastases for resection.","/pubmed/28927777","Poston G, Adam R, Xu J, Byrne B, Esser R, Malik H, Wasan H, Xu J.","Eur J Surg Oncol. 2017 Nov;43(11):2001-2011. doi: 10.1016/j.ejso.2017.07.021. Epub 2017 Aug 10. Review.","Eur J Surg Oncol.  2017","PubMed","citation","PMID:28927777","pubmed","28927777","create date:2017/09/21 | first author:Poston G",
"Impact of Metastasectomy in the Multimodality Approach for BRAF V600E Metastatic Colorectal Cancer: The Mayo Clinic Experience.","/pubmed/28904173","Johnson B, Jin Z, Truty MJ, Smoot RL, Nagorney DM, Kendrick ML, Kipp BR, Grothey A.","Oncologist. 2018 Jan;23(1):128-134. doi: 10.1634/theoncologist.2017-0230. Epub 2017 Sep 13.","Oncologist.  2018","PubMed","citation","PMID:28904173 | PMCID:PMC5759813","pubmed","28904173","create date:2017/09/15 | first author:Johnson B",
"Deleterious Effect of RAS and Evolutionary High-risk TP53 Double Mutation in Colorectal Liver Metastases.","/pubmed/28767562","Chun YS, Passot G, Yamashita S, Nusrat M, Katsonis P, Loree JM, Conrad C, Tzeng CD, Xiao L, Aloia TA, Eng C, Kopetz SE, Lichtarge O, Vauthey JN.","Ann Surg. 2019 May;269(5):917-923. doi: 10.1097/SLA.0000000000002450.","Ann Surg.  2019","PubMed","citation","PMID:28767562","pubmed","28767562","create date:2017/08/03 | first author:Chun YS",
"Discordance in RAS mutations between primary colon tumor and metastases: a real event or a matter of methodology?","/pubmed/28665451","De Stefano A, Rosanova M, Malapelle U, Martini M, De Falco S, Attademo L, Fiore G, Cenci T, Bellevicine C, De Placido S, Troncone G, Carlomagno C.","Int J Biol Markers. 2017 Oct 31;32(4):e474-e477. doi: 10.5301/ijbm.5000273.","Int J Biol Markers.  2017","PubMed","citation","PMID:28665451","pubmed","28665451","create date:2017/07/01 | first author:De Stefano A",
"The diagnosis of a metastatic breast tumor from ovarian cancer by the succession of a p53 mutation: a case report.","/pubmed/28662703","Mori R, Futamura M, Morimitsu K, Saigo C, Miyazaki T, Yoshida K.","World J Surg Oncol. 2017 Jun 29;15(1):117. doi: 10.1186/s12957-017-1185-5.","World J Surg Oncol.  2017","PubMed","citation","PMID:28662703 | PMCID:PMC5492946","pubmed","28662703","create date:2017/07/01 | first author:Mori R",
"Clinical Case of the Month: A 57-Year-Old Man with an Axillary Mass.","/pubmed/28644156","Desai P, Myers A, Boulmay B, Lopez FA.","J La State Med Soc. 2017 May-Jun;169(3):78-82. Epub 2017 Jun 23. Review.","J La State Med Soc.  2017","PubMed","citation","PMID:28644156","pubmed","28644156","create date:2017/06/24 | first author:Desai P",
"Treatment Options in Colorectal Liver Metastases: Hepatic Arterial Infusion.","/pubmed/28612017","Zervoudakis A, Boucher T, Kemeny NE.","Visc Med. 2017 Mar;33(1):47-53. doi: 10.1159/000454693. Epub 2017 Feb 3. Review.","Visc Med.  2017","PubMed","citation","PMID:28612017 | PMCID:PMC5465659","pubmed","28612017","create date:2017/06/15 | first author:Zervoudakis A",
"[A Case Report on a Successful Resection after FOLFIRI plus Cetuximab Therapy for Unresectable Colorectal Cancer with Multiple Liver Metastases].","/pubmed/28536339","Kanamori M, Kurumiya Y, Mizuno K, Sekoguchi E, Kobayashi S, Fukami Y, Kiriyama M, Aoyama H, Oiwa T, Miyamura K, Jinno T, Nakashima Y, Mori M.","Gan To Kagaku Ryoho. 2017 May;44(5):417-420. Japanese. ","Gan To Kagaku Ryoho.  2017","PubMed","citation","PMID:28536339","pubmed","28536339","create date:2017/05/26 | first author:Kanamori M",
"Impact of MLH1 expression on tumor evolution after curative surgical tumor resection in a murine orthotopic xenograft model for human MSI colon cancer.","/pubmed/28512763","Meunier K, Ferron M, Calmel C, Fléjou JF, Pocard M, Praz F.","Genes Chromosomes Cancer. 2017 Sep;56(9):681-690. doi: 10.1002/gcc.22472. Epub 2017 Jun 12.","Genes Chromosomes Cancer.  2017","PubMed","citation","PMID:28512763","pubmed","28512763","create date:2017/05/18 | first author:Meunier K",
"In vivo genome editing and organoid transplantation models of colorectal cancer and metastasis.","/pubmed/28459449","Roper J, Tammela T, Cetinbas NM, Akkad A, Roghanian A, Rickelt S, Almeqdadi M, Wu K, Oberli MA, Sánchez-Rivera FJ, Park YK, Liang X, Eng G, Taylor MS, Azimi R, Kedrin D, Neupane R, Beyaz S, Sicinska ET, Suarez Y, Yoo J, Chen L, et al.","Nat Biotechnol. 2017 Jun;35(6):569-576. doi: 10.1038/nbt.3836. Epub 2017 May 1. Erratum in: Nat Biotechnol. 2017 Dec 8;35(12 ):1211. ","Nat Biotechnol.  2017","PubMed","citation","PMID:28459449 | PMCID:PMC5462879","pubmed","28459449","create date:2017/05/02 | first author:Roper J",
"Can molecular biomarkers replace a clinical risk score for resectable colorectal liver metastasis?","/pubmed/28344745","Veen T, Søreide K.","World J Gastrointest Oncol. 2017 Mar 15;9(3):98-104. doi: 10.4251/wjgo.v9.i3.98.","World J Gastrointest Oncol.  2017","PubMed","citation","PMID:28344745 | PMCID:PMC5348630","pubmed","28344745","create date:2017/03/28 | first author:Veen T",
"How accurate are medical oncologists' impressions of management of metastatic colorectal cancer in Australia?","/pubmed/28299879","Au L, Turner N, Wong HL, Field K, Lee B, Boadle D, Cooray P, Karikios D, Kosmider S, Lipton L, Nott L, Parente P, Tie J, Tran B, Wong R, Yip D, Shapiro J, Gibbs P.","Asia Pac J Clin Oncol. 2018 Apr;14(2):e167-e174. doi: 10.1111/ajco.12671. Epub 2017 Mar 16.","Asia Pac J Clin Oncol.  2018","PubMed","citation","PMID:28299879","pubmed","28299879","create date:2017/03/17 | first author:Au L",
"Portal Vein Embolization: Impact of Chemotherapy and Genetic Mutations.","/pubmed/28257031","Deipolyi AR, Zhang YS, Khademhosseini A, Naidu S, Borad M, Sahin B, Mathur AK, Oklu R.","J Clin Med. 2017 Mar 1;6(3). pii: E26. doi: 10.3390/jcm6030026.","J Clin Med.  2017","PubMed","citation","PMID:28257031 | PMCID:PMC5372995","pubmed","28257031","create date:2017/03/04 | first author:Deipolyi AR",
"Rechallenge and maintenance therapy using cetuximab and chemotherapy administered to a patient with metastatic colorectal cancer.","/pubmed/28196490","Ma J, Yang QL, Ling Y.","BMC Cancer. 2017 Feb 14;17(1):132. doi: 10.1186/s12885-017-3133-8.","BMC Cancer.  2017","PubMed","citation","PMID:28196490 | PMCID:PMC5310018","pubmed","28196490","create date:2017/02/16 | first author:Ma J",
"[A Case of Unresectable Advanced Rectal Cancer with a Pancreatic Tumor That Was Successfully Treated with FOLFIRINOX].","/pubmed/28133357","Yabe N, Murai S, Ozawa H, Yokose T, Oto I, Yoshikawa T, Kitasato K, Shimizu H, Kojima K, Hasegawa H, Kitagawa Y.","Gan To Kagaku Ryoho. 2016 Nov;43(12):2468-2470. Japanese. ","Gan To Kagaku Ryoho.  2016","PubMed","citation","PMID:28133357","pubmed","28133357","create date:2017/01/31 | first author:Yabe N",
"Totally laparoscopic anatomical liver resection for centrally located tumors: A single center experience.","/pubmed/28121916","Kim WJ, Kim KH, Shin MH, Yoon YI, Lee SG.","Medicine (Baltimore). 2017 Jan;96(4):e5560. doi: 10.1097/MD.0000000000005560.","Medicine (Baltimore).  2017","PubMed","citation","PMID:28121916 | PMCID:PMC5287940","pubmed","28121916","create date:2017/01/26 | first author:Kim WJ",
"Detection of Sessile Serrated Adenomas in the Proximal Colon Using Wide-Field Fluorescence Endoscopy.","/pubmed/28012848","Joshi BP, Dai Z, Gao Z, Lee JH, Ghimire N, Chen J, Prabhu A, Wamsteker EJ, Kwon RS, Elta GH, Stoffel EM, Pant A, Kaltenbach T, Soetikno RM, Appelman HD, Kuick R, Turgeon DK, Wang TD.","Gastroenterology. 2017 Apr;152(5):1002-1013.e9. doi: 10.1053/j.gastro.2016.12.009. Epub 2016 Dec 22.","Gastroenterology.  2017","PubMed","citation","PMID:28012848 | PMCID:PMC5771498","pubmed","28012848","create date:2016/12/26 | first author:Joshi BP",
"Recent Advances in Chemotherapy and Surgery for Colorectal Liver Metastases.","/pubmed/27995091","Passot G, Soubrane O, Giuliante F, Zimmitti G, Goéré D, Yamashita S, Vauthey JN.","Liver Cancer. 2016 Nov;6(1):72-79. Epub 2016 Nov 29. Review.","Liver Cancer.  2016","PubMed","citation","PMID:27995091 | PMCID:PMC5159720","pubmed","27995091","create date:2016/12/21 | first author:Passot G",
"[Changes of diagnosis and treatment for gastrointestinal stromal tumors during a 18-year period in four medical centers of China].","/pubmed/27928797","Qiu H, Zhang P, Feng X, Chen T, Sun X, Yu J, Chen Z, Li Y, Tao K, Li G, Zhou Z.","Zhonghua Wei Chang Wai Ke Za Zhi. 2016 Nov 25;19(11):1265-1270. Chinese. ","Zhonghua Wei Chang Wai Ke Za Zhi.  2016","PubMed","citation","PMID:27928797","pubmed","27928797","create date:2016/12/09 | first author:Qiu H",
"[A Case of Early Anal Canal Cancer with Pagetoid Spread with Different Antitumor Effects of Chemotherapy on Different Metastatic Sites].","/pubmed/27760964","Yoshimatsu K, Osawa G, Yokomizo H, Yano Y, Okayama S, Sakuma A, Satake M, Yamada Y, Asaka S, Usui T, Yamaguchi K, Shiozawa S, Shimakawa T, Katsube T, Naritaka Y.","Gan To Kagaku Ryoho. 2016 Oct;43(10):1292-1294. Japanese. ","Gan To Kagaku Ryoho.  2016","PubMed","citation","PMID:27760964","pubmed","27760964","create date:2016/10/21 | first author:Yoshimatsu K",
"Treatment of Metastatic Colorectal Cancer Patients ≥75 Years Old in Clinical Practice: A Multicenter Analysis.","/pubmed/27442239","Grande R, Natoli C, Ciancola F, Gemma D, Pellegrino A, Pavese I, Garufi C, Di Lauro L, Corsi D, Signorelli D, Sperduti I, Cortese G, Risi E, Morano F, Sergi D, Signorelli C, Ruggeri EM, Zampa G, Russano M, Gamucci T.","PLoS One. 2016 Jul 21;11(7):e0157751. doi: 10.1371/journal.pone.0157751. eCollection 2016.","PLoS One.  2016","PubMed","citation","PMID:27442239 | PMCID:PMC4956101","pubmed","27442239","create date:2016/07/22 | first author:Grande R",
"Patterns of progression, treatment of progressive disease and post-progression survival in the New EPOC study.","/pubmed/27434036","Pugh SA, Bowers M, Ball A, Falk S, Finch-Jones M, Valle JW, O'Reilly DA, Siriwardena AK, Hornbuckle J, Rees M, Rees C, Iveson T, Hickish T, Maishman T, Stanton L, Dixon E, Corkhill A, Radford M, Garden OJ, Cunningham D, Maughan TS, Bridgewater JA, et al.","Br J Cancer. 2016 Aug 9;115(4):420-4. doi: 10.1038/bjc.2016.208. Epub 2016 Jul 19.","Br J Cancer.  2016","PubMed","citation","PMID:27434036 | PMCID:PMC4985352","pubmed","27434036","create date:2016/07/20 | first author:Pugh SA",
"Prognostic Implication of KRAS Status after Hepatectomy for Colorectal Liver Metastases Varies According to Primary Colorectal Tumor Location.","/pubmed/27352204","Sasaki K, Margonis GA, Wilson A, Kim Y, Buettner S, Andreatos N, Gani F, Amini N, Spolverato G, Pawlik TM.","Ann Surg Oncol. 2016 Oct;23(11):3736-3743. doi: 10.1245/s10434-016-5361-6. Epub 2016 Jun 28.","Ann Surg Oncol.  2016","PubMed","citation","PMID:27352204","pubmed","27352204","create date:2016/06/29 | first author:Sasaki K",
"Codon 13 KRAS mutation predicts patterns of recurrence in patients undergoing hepatectomy for colorectal liver metastases.","/pubmed/27244540","Margonis GA, Kim Y, Sasaki K, Samaha M, Amini N, Pawlik TM.","Cancer. 2016 Sep 1;122(17):2698-707. doi: 10.1002/cncr.30085. Epub 2016 May 31.","Cancer.  2016","PubMed","citation","PMID:27244540","pubmed","27244540","create date:2016/06/01 | first author:Margonis GA",
"Glycolysis gene expression analysis and selective metabolic advantage in the clinical progression of colorectal cancer.","/pubmed/26927284","Graziano F, Ruzzo A, Giacomini E, Ricciardi T, Aprile G, Loupakis F, Lorenzini P, Ongaro E, Zoratto F, Catalano V, Sarti D, Rulli E, Cremolini C, De Nictolis M, De Maglio G, Falcone A, Fiorentini G, Magnani M.","Pharmacogenomics J. 2017 Jun;17(3):258-264. doi: 10.1038/tpj.2016.13. Epub 2016 Mar 1.","Pharmacogenomics J.  2017","PubMed","citation","PMID:26927284","pubmed","26927284","create date:2016/03/02 | first author:Graziano F",
"Right Sided Colon Cancer as a Distinct Histopathological Subtype with Reduced Prognosis.","/pubmed/26824772","Nitsche U, Stögbauer F, Späth C, Haller B, Wilhelm D, Friess H, Bader FG.","Dig Surg. 2016;33(2):157-63. doi: 10.1159/000443644. Epub 2016 Jan 30.","Dig Surg.  2016","PubMed","citation","PMID:26824772","pubmed","26824772","create date:2016/01/30 | first author:Nitsche U",
"KRAS Mutation Status Predicts Site-Specific Recurrence and Survival After Resection of Colorectal Liver Metastases Irrespective of Location of the Primary Lesion.","/pubmed/26786089","Shindoh J, Nishioka Y, Yoshioka R, Sugawara T, Sakamoto Y, Hasegawa K, Hashimoto M, Kokudo N.","Ann Surg Oncol. 2016 Jun;23(6):1890-6. doi: 10.1245/s10434-016-5087-5. Epub 2016 Jan 19.","Ann Surg Oncol.  2016","PubMed","citation","PMID:26786089","pubmed","26786089","create date:2016/01/21 | first author:Shindoh J",
"BRAF Mutation Testing and Metastatic Colorectal Cancer in the Community Setting: Is There an Urgent Need for More Education?","/pubmed/26714964","Price TJ, Beeke C, Townsend AR, Lo L, Amitesh R, Padbury R, Roder D, Maddern G, Moore J, Karapetis C.","Mol Diagn Ther. 2016 Feb;20(1):75-82. doi: 10.1007/s40291-015-0179-7.","Mol Diagn Ther.  2016","PubMed","citation","PMID:26714964","pubmed","26714964","create date:2015/12/31 | first author:Price TJ",
"Hepatic resection, hepatic arterial infusion pump therapy, and genetic biomarkers in the management of hepatic metastases from colorectal cancer.","/pubmed/26697204","McAuliffe JC, Qadan M, D'Angelica MI.","J Gastrointest Oncol. 2015 Dec;6(6):699-708. doi: 10.3978/j.issn.2078-6891.2015.081. Review.","J Gastrointest Oncol.  2015","PubMed","citation","PMID:26697204 | PMCID:PMC4671858","pubmed","26697204","create date:2015/12/24 | first author:McAuliffe JC",
"Impact of somatic mutations on patterns of metastasis in colorectal cancer.","/pubmed/26697197","Lipsyc M, Yaeger R.","J Gastrointest Oncol. 2015 Dec;6(6):645-9. doi: 10.3978/j.issn.2078-6891.2015.045. Review.","J Gastrointest Oncol.  2015","PubMed","citation","PMID:26697197 | PMCID:PMC4671855","pubmed","26697197","create date:2015/12/24 | first author:Lipsyc M",
"Mismatch repair deficiency concordance between primary colorectal cancer and corresponding metastasis.","/pubmed/26666765","Haraldsdottir S, Roth R, Pearlman R, Hampel H, Arnold CA, Frankel WL.","Fam Cancer. 2016 Apr;15(2):253-60. doi: 10.1007/s10689-015-9856-2.","Fam Cancer.  2016","PubMed","citation","PMID:26666765","pubmed","26666765","create date:2015/12/17 | first author:Haraldsdottir S",
"Management of resectable colorectal lung metastases.","/pubmed/26659389","Moorcraft SY, Ladas G, Bowcock A, Chau I.","Clin Exp Metastasis. 2016 Mar;33(3):285-96. doi: 10.1007/s10585-015-9774-6. Epub 2015 Dec 10. Review.","Clin Exp Metastasis.  2016","PubMed","citation","PMID:26659389","pubmed","26659389","create date:2015/12/15 | first author:Moorcraft SY",
"Multidisciplinary approach and anesthetic management of a surgical cancer patient with methylene tetrahydrofolate reductase deficiency: a case report and review of the literature.","/pubmed/26289647","Cascella M, Arcamone M, Morelli E, Viscardi D, Russo V, De Franciscis S, Belli A, Accardo R, Caliendo D, De Luca E, Di Caprio B, Di Sauro F, Giannoni G, Iermano C, Maciariello M, Marracino M, Cuomo A.","J Med Case Rep. 2015 Aug 20;9:175. doi: 10.1186/s13256-015-0662-0. Review. Erratum in: J Med Case Rep. 2015;9:218. Cascella, Marco Mc [corrected to Cascella, Marco]; Arcamone, Manuela Ma [corrected to Arcamone, Manuela]; Morelli, Emanuela Em [corrected to Morelli, Emanuela]; Viscardi, Daniela Dv [corrected to Viscardi, Daniela]; Russo, Viera Vr [corrected to Russo, Vie. ","J Med Case Rep.  2015","PubMed","citation","PMID:26289647 | PMCID:PMC4546078","pubmed","26289647","create date:2015/08/21 | first author:Cascella M",
"Durable recurrence-free survival after pneumonectomy for late lung metastasis from rectal cancer: case report with genetic and epigenetic analyses.","/pubmed/26231173","Imperatori A, Rotolo N, Dominioni L, Nardecchia E, Cattoni M, Cimetti L, Riva C, Sessa F, Furlan D.","BMC Cancer. 2015 Aug 1;15:567. doi: 10.1186/s12885-015-1585-2.","BMC Cancer.  2015","PubMed","citation","PMID:26231173 | PMCID:PMC4522059","pubmed","26231173","create date:2015/08/02 | first author:Imperatori A",
"[Late complete response after long remission from treatment with FOLFIRI-aflibercept for metastatic colorectal cancer after progression to FOLFOX-bevacizumab].","/pubmed/26228865","De Divitiis C, Cassata A, Nasti G, Ottaiano A, Nappi A, Barretta ML, Iaffaioli RV.","Recenti Prog Med. 2015 Aug;106(8):e407-13. doi: 10.1701/1960.21312. Italian. ","Recenti Prog Med.  2015","PubMed","citation","PMID:26228865","pubmed","26228865","create date:2015/08/01 | first author:De Divitiis C",
"Current controversies in the management of metastatic colorectal cancer.","/pubmed/26113053","Vera R, Alonso V, Gállego J, González E, Guillén-Ponce C, Pericay C, Rivera F, Safont MJ, Valladares-Ayerbes M.","Cancer Chemother Pharmacol. 2015 Oct;76(4):659-77. doi: 10.1007/s00280-015-2808-6. Epub 2015 Jun 26. Review.","Cancer Chemother Pharmacol.  2015","PubMed","citation","PMID:26113053","pubmed","26113053","create date:2015/06/27 | first author:Vera R",
"A Case Report of Long-Term Survival following Hepatic Arterial Infusion of L-Folinic Acid Modulated 5-Fluorouracil Combined with Intravenous Irinotecan and Cetuximab Followed by Hepatectomy in a Patient with Initially Unresectable Colorectal Liver Metastases.","/pubmed/26064730","Van Bael K, Jansen Y, Seremet T, Engels B, Delvaux G, Neyns B.","Case Rep Oncol Med. 2015;2015:472037. doi: 10.1155/2015/472037. Epub 2015 May 6.","Case Rep Oncol Med.  2015","PubMed","citation","PMID:26064730 | PMCID:PMC4438152","pubmed","26064730","create date:2015/06/13 | first author:Van Bael K",
"Is Progression-Free Survival the Right End Point in Trials of Patients With Clearly Resectable, Borderline Resectable, and Unresectable Liver-Limited Colorectal Cancer?","/pubmed/26033812","Köhne CH.","J Clin Oncol. 2015 Jul 20;33(21):2406-7. doi: 10.1200/JCO.2014.60.7044. Epub 2015 Jun 1. No abstract available. ","J Clin Oncol.  2015","PubMed","citation","PMID:26033812","pubmed","26033812","create date:2015/06/03 | first author:Köhne CH",
"Comprehensive models of human primary and metastatic colorectal tumors in immunodeficient and immunocompetent mice by chemokine targeting.","/pubmed/26006007","Chen HJ, Sun J, Huang Z, Hou H Jr, Arcilla M, Rakhilin N, Joe DJ, Choi J, Gadamsetty P, Milsom J, Nandakumar G, Longman R, Zhou XK, Edwards R, Chen J, Chen KY, Bu P, Wang L, Xu Y, Munroe R, Abratte C, Miller AD, et al.","Nat Biotechnol. 2015 Jun;33(6):656-60. doi: 10.1038/nbt.3239. Epub 2015 May 25.","Nat Biotechnol.  2015","PubMed","citation","PMID:26006007 | PMCID:PMC4532544","pubmed","26006007","create date:2015/05/26 | first author:Chen HJ",
"Distinctive Spatiotemporal Stability of Somatic Mutations in Metastasized Microsatellite-stable Colorectal Cancer.","/pubmed/25786087","Jesinghaus M, Wolf T, Pfarr N, Muckenhuber A, Ahadova A, Warth A, Goeppert B, Sers C, Kloor M, Endris V, Stenzinger A, Weichert W.","Am J Surg Pathol. 2015 Aug;39(8):1140-7. doi: 10.1097/PAS.0000000000000423.","Am J Surg Pathol.  2015","PubMed","citation","PMID:25786087","pubmed","25786087","create date:2015/03/19 | first author:Jesinghaus M",
"[Mixed adenoneuroendocrine carcinoma with multiple liver metastases successfully treated by cetuximab/CPT-11 chemotherapy followed by curative resection - a case report].","/pubmed/25731451","Tani K, Seyama Y, Inada K, Matsuoka Y, Takahashi M, Tanizawa T, Warabi M, Nasu K, Wada I, Maeshiro T, Miyamoto S, Umekita N.","Gan To Kagaku Ryoho. 2014 Nov;41(12):2145-7. Japanese. ","Gan To Kagaku Ryoho.  2014","PubMed","citation","PMID:25731451","pubmed","25731451","create date:2015/03/04 | first author:Tani K",
"[A case of metastatic colorectal cancer that reduced in size after re-challenging with an anti-EGFR monoclonal antibody].","/pubmed/25731325","Fukunaga M, Nakata K, Babaya A, Shimizu K, Ishigaki T, Ebihara T, Okubo S, Kato F, Amano K, Hoshino H, Kawabata R, Yamamura J, Kamigaki S, Usui A, Ikeda N, Yamamoto T, Kawase T, Kimura Y, Ohzato H.","Gan To Kagaku Ryoho. 2014 Nov;41(12):1773-5. Japanese. ","Gan To Kagaku Ryoho.  2014","PubMed","citation","PMID:25731325","pubmed","25731325","create date:2015/03/04 | first author:Fukunaga M",
"Inter- and intra-tumor profiling of multi-regional colon cancer and metastasis.","/pubmed/25623536","Kogita A, Yoshioka Y, Sakai K, Togashi Y, Sogabe S, Nakai T, Okuno K, Nishio K.","Biochem Biophys Res Commun. 2015 Feb 27;458(1):52-6. doi: 10.1016/j.bbrc.2015.01.064. Epub 2015 Jan 24.","Biochem Biophys Res Commun.  2015","PubMed","citation","PMID:25623536","pubmed","25623536","create date:2015/01/28 | first author:Kogita A",
"Conversion Therapy Using mFOLFOX6 With Panitumumab for Unresectable Liver Metastases From Multiple Colorectal Cancers With Familial Adenomatous Polyposis.","/pubmed/25437589","Toiyama Y, Inoue Y, Kitajima T, Okigami M, Kawamura M, Kawamoto A, Okugawa Y, Hiro J, Tanaka K, Mohri Y, Kusunoki M.","Int Surg. 2014 Nov-Dec;99(6):795-801. doi: 10.9738/INTSURG-D-13-00125.1.","Int Surg.  2014","PubMed","citation","PMID:25437589 | PMCID:PMC4254242","pubmed","25437589","create date:2014/12/02 | first author:Toiyama Y",
"Update on the role of imaging in management of metastatic colorectal cancer.","/pubmed/25384292","Tirumani SH, Kim KW, Nishino M, Howard SA, Krajewski KM, Jagannathan JP, Cleary JM, Ramaiya NH, Shinagare AB.","Radiographics. 2014 Nov-Dec;34(7):1908-28. doi: 10.1148/rg.347130090. Review.","Radiographics.  2014","PubMed","citation","PMID:25384292 | PMCID:PMC4386871","pubmed","25384292","create date:2014/11/11 | first author:Tirumani SH",
"Resection of liver metastases from colorectal mucinous adenocarcinoma: is this a different disease? Results of a case-control study.","/pubmed/25379857","Viganò L, Russolillo N, Ferrero A, De Rosa G, Ferreri E, Forchino F, Sperti E, Capussotti L.","Ann Surg. 2014 Nov;260(5):878-84; discussion 884-5. doi: 10.1097/SLA.0000000000000981.","Ann Surg.  2014","PubMed","citation","PMID:25379857","pubmed","25379857","create date:2014/11/08 | first author:Viganò L",
"Mixed adenoneuroendocrine carcinoma of the colon: molecular pathogenesis and treatment.","/pubmed/25275049","Vanacker L, Smeets D, Hoorens A, Teugels E, Algaba R, Dehou MF, De Becker A, Lambrechts D, De Greve J.","Anticancer Res. 2014 Oct;34(10):5517-21.","Anticancer Res.  2014","PubMed","citation","PMID:25275049","pubmed","25275049","create date:2014/10/03 | first author:Vanacker L",
"KRAS mutation influences recurrence patterns in patients undergoing hepatic resection of colorectal metastases.","/pubmed/25155157","Kemeny NE, Chou JF, Capanu M, Gewirtz AN, Cercek A, Kingham TP, Jarnagin WR, Fong YC, DeMatteo RP, Allen PJ, Shia J, Ang C, Vakiani E, D'Angelica MI.","Cancer. 2014 Dec 15;120(24):3965-71. doi: 10.1002/cncr.28954. Epub 2014 Aug 25.","Cancer.  2014","PubMed","citation","PMID:25155157 | PMCID:PMC4574496","pubmed","25155157","create date:2014/08/27 | first author:Kemeny NE",
"Recurrence patterns after resection of liver metastases from colorectal cancer.","/pubmed/25103010","Sorbye H.","Recent Results Cancer Res. 2014;203:243-52. doi: 10.1007/978-3-319-08060-4_17. Review.","Recent Results Cancer Res.  2014","PubMed","citation","PMID:25103010","pubmed","25103010","create date:2014/08/12 | first author:Sorbye H",
"Efficacy of cetuximab in metastatic colon cancer - case report.","/pubmed/24956345","Grigorean VT, Ciuhu AN, Rahnea Nita G, Strambu V, Straja DN, Popescu M, Sandu AM, Rahnea Nita RA.","Chirurgia (Bucur). 2014 May-Jun;109(3):383-9.","Chirurgia (Bucur).  2014","PubMed","citation","PMID:24956345","pubmed","24956345","create date:2014/06/24 | first author:Grigorean VT",
"Prognostic implication of mucinous histology in resected colorectal cancer liver metastases.","/pubmed/24856126","Lupinacci RM, Mello ES, Coelho FF, Kruger JA, Perini MV, Pinheiro RS, Fonseca GM, Cecconello I, Herman P.","Surgery. 2014 Jun;155(6):1062-8. doi: 10.1016/j.surg.2014.01.011. Epub 2014 Feb 5.","Surgery.  2014","PubMed","citation","PMID:24856126","pubmed","24856126","create date:2014/05/27 | first author:Lupinacci RM",
"BRAF mutation predicts for poor outcomes after metastasectomy in patients with metastatic colorectal cancer.","/pubmed/24737664","Yaeger R, Cercek A, Chou JF, Sylvester BE, Kemeny NE, Hechtman JF, Ladanyi M, Rosen N, Weiser MR, Capanu M, Solit DB, D'Angelica MI, Vakiani E, Saltz LB.","Cancer. 2014 Aug 1;120(15):2316-24. doi: 10.1002/cncr.28729. Epub 2014 Apr 15.","Cancer.  2014","PubMed","citation","PMID:24737664 | PMCID:PMC4928876","pubmed","24737664","create date:2014/04/17 | first author:Yaeger R",
"Molecular and immunohistochemical profile of a basaloid (cloacogenic) carcinoma of the sigmoid colon: possible predictive value for clinical outcomes.","/pubmed/24584270","Gurzu S, Szentirmay Z, Bara T, Bara T Jr, Iurcsuk O, Jung I.","Eur J Gastroenterol Hepatol. 2014 May;26(5):570-3. doi: 10.1097/MEG.0000000000000064.","Eur J Gastroenterol Hepatol.  2014","PubMed","citation","PMID:24584270","pubmed","24584270","create date:2014/03/04 | first author:Gurzu S",
"Ezrin expression and cell survival regulation in colorectal cancer.","/pubmed/24462708","Leiphrakpam PD, Rajput A, Mathiesen M, Agarwal E, Lazenby AJ, Are C, Brattain MG, Chowdhury S.","Cell Signal. 2014 May;26(5):868-79. doi: 10.1016/j.cellsig.2014.01.014. Epub 2014 Jan 22.","Cell Signal.  2014","PubMed","citation","PMID:24462708 | PMCID:PMC3974425","pubmed","24462708","create date:2014/01/28 | first author:Leiphrakpam PD",
"[Recurrent rectal cancer with multiple liver and lung metastases treated effectively with oxaliplatin and capecitabine plus bevacizumab chemotherapy-a case report].","/pubmed/24393938","Yabe N, Murai S, Shimizu H, Kitasato K, Yoshikawa T, Oto I, Nakadai J, Hasegawa H, Kitagawa Y.","Gan To Kagaku Ryoho. 2013 Nov;40(12):1834-6. Japanese. ","Gan To Kagaku Ryoho.  2013","PubMed","citation","PMID:24393938","pubmed","24393938","create date:2014/01/08 | first author:Yabe N",
"[Correlation analysis between abundance of K-ras mutation in plasma free DNA and its correlation with clinical outcome and prognosis in patients with metastatic colorectal cancer].","/pubmed/24332053","Bai YQ, Liu XJ, Wang Y, Ge FJ, Zhao CH, Fu YL, Lin L, Xu JM.","Zhonghua Zhong Liu Za Zhi. 2013 Sep;35(9):666-71. Chinese. ","Zhonghua Zhong Liu Za Zhi.  2013","PubMed","citation","PMID:24332053","pubmed","24332053","create date:2013/12/18 | first author:Bai YQ",
"[Consideration of therapy for colorectal cancer with synchronous unresectable liver metastasis].","/pubmed/23980038","Zhu DX, Ren L, Xu JM.","Zhonghua Wei Chang Wai Ke Za Zhi. 2013 Aug;16(8):718-20. Chinese. ","Zhonghua Wei Chang Wai Ke Za Zhi.  2013","PubMed","citation","PMID:23980038","pubmed","23980038","create date:2013/08/28 | first author:Zhu DX",
"The role of KCNQ1 in mouse and human gastrointestinal cancers.","/pubmed/23975432","Than BL, Goos JA, Sarver AL, O'Sullivan MG, Rod A, Starr TK, Fijneman RJ, Meijer GA, Zhao L, Zhang Y, Largaespada DA, Scott PM, Cormier RT.","Oncogene. 2014 Jul 17;33(29):3861-8. doi: 10.1038/onc.2013.350. Epub 2013 Aug 26.","Oncogene.  2014","PubMed","citation","PMID:23975432 | PMCID:PMC3935979","pubmed","23975432","create date:2013/08/27 | first author:Than BL",
"A case of panitumumab-responsive metastatic rectal cancer initially refractory to cetuximab.","/pubmed/23904849","Kasagi Y, Oki E, Ando K, Kimura Y, Ikegami T, Saeki H, Morita M, Kusumoto T, Maehara Y.","Case Rep Oncol. 2013 Jul 20;6(2):382-6. doi: 10.1159/000353781. Print 2013 May.","Case Rep Oncol.  2013","PubMed","citation","PMID:23904849 | PMCID:PMC3728606","pubmed","23904849","create date:2013/08/02 | first author:Kasagi Y",
"Early detection of metachronous bile duct cancer in Lynch syndrome: report of a case.","/pubmed/23896635","Shigeyasu K, Tanakaya K, Nagasaka T, Aoki H, Fujiwara T, Sugano K, Ishikawa H, Yoshida T, Moriya Y, Furukawa Y, Goel A, Takeuchi H.","Surg Today. 2014 Oct;44(10):1975-81. doi: 10.1007/s00595-013-0669-3. Epub 2013 Jul 31.","Surg Today.  2014","PubMed","citation","PMID:23896635 | PMCID:PMC4162978","pubmed","23896635","create date:2013/07/31 | first author:Shigeyasu K",
"Panitumumab in combination with infusional oxaliplatin and oral capecitabine for conversion therapy in patients with colon cancer and advanced liver metastases. The MetaPan study.","/pubmed/23868516","Leone F, Artale S, Marino D, Cagnazzo C, Cascinu S, Pinto C, Fornarini G, Tampellini M, Di Fabio F, Sartore-Bianchi A, De Carlis L, Pugliese R, Capussotti L, Gioeni L, Siena S, Aglietta M.","Cancer. 2013 Oct 1;119(19):3429-35. doi: 10.1002/cncr.28223. Epub 2013 Jul 18.","Cancer.  2013","PubMed","citation","PMID:23868516","pubmed","23868516","create date:2013/07/23 | first author:Leone F",
"Diffuse intestinal ganglioneuromatosis in a child.","/pubmed/23701793","Matthews MA, Adler BH, Arnold MA, Kumar S, Carvalho R, Besner GE.","J Pediatr Surg. 2013 May;48(5):1129-33. doi: 10.1016/j.jpedsurg.2013.03.066.","J Pediatr Surg.  2013","PubMed","citation","PMID:23701793 | PMCID:PMC4076949","pubmed","23701793","create date:2013/05/25 | first author:Matthews MA",
"Hepatocellular adenoma associated with familial adenomatous polyposis coli.","/pubmed/23293720","Inaba K, Sakaguchi T, Kurachi K, Mori H, Tao H, Nakamura T, Takehara Y, Baba S, Maekawa M, Sugimura H, Konno H.","World J Hepatol. 2012 Nov 27;4(11):322-6. doi: 10.4254/wjh.v4.i11.322.","World J Hepatol.  2012","PubMed","citation","PMID:23293720 | PMCID:PMC3536841","pubmed","23293720","create date:2013/01/08 | first author:Inaba K",
"[A case of unresectable multiple hepatic metastases from ascending colon cancer successfully treated with panitumumab and FOLFIRI(5-FU/LV/irinotecan)therapy].","/pubmed/23064076","Yoshida R, Matsuura T, Hijikawa K, Yanagida H, Kitade H, Takada H, Kwon AH.","Gan To Kagaku Ryoho. 2012 Oct;39(10):1575-7. Japanese. ","Gan To Kagaku Ryoho.  2012","PubMed","citation","PMID:23064076","pubmed","23064076","create date:2012/10/16 | first author:Yoshida R",
"[Two cases of metastatic colorectal cancer in wild-type K-RAS effectively treated by panitumumab].","/pubmed/23064074","Ishiyama Y, Kotake M, Matsunaga M, Kitamura H, Yamamoto M, Inaki N, Kurokawa M, Bando H, Yamada T.","Gan To Kagaku Ryoho. 2012 Oct;39(10):1567-70. Japanese. ","Gan To Kagaku Ryoho.  2012","PubMed","citation","PMID:23064074","pubmed","23064074","create date:2012/10/16 | first author:Ishiyama Y",
"Overexpression of galectin-3 enhances migration of colon cancer cells related to activation of the K-Ras-Raf-Erk1/2 pathway.","/pubmed/23015305","Wu KL, Huang EY, Jhu EW, Huang YH, Su WH, Chuang PC, Yang KD.","J Gastroenterol. 2013 Mar;48(3):350-9. doi: 10.1007/s00535-012-0663-3. Epub 2012 Sep 27.","J Gastroenterol.  2013","PubMed","citation","PMID:23015305","pubmed","23015305","create date:2012/09/28 | first author:Wu KL",
"Different metastatic pattern according to the KRAS mutational status and site-specific discordance of KRAS status in patients with colorectal cancer.","/pubmed/22876814","Kim MJ, Lee HS, Kim JH, Kim YJ, Kwon JH, Lee JO, Bang SM, Park KU, Kim DW, Kang SB, Kim JS, Lee JS, Lee KW.","BMC Cancer. 2012 Aug 9;12:347. doi: 10.1186/1471-2407-12-347.","BMC Cancer.  2012","PubMed","citation","PMID:22876814 | PMCID:PMC3488475","pubmed","22876814","create date:2012/08/11 | first author:Kim MJ",
"Comparison of the chemosensitivity of the primary lesion and a pancreatic metastasis of colon cancer: a case report.","/pubmed/22493386","Tamagawa H, Miyagi Y, Numata M, Yamamoto N, Shiozawa M, Morinaga S, Sekiyama A, Sekiguchi H, Sakuma Y, Kameda Y, Akaike M, Masuda M, Imada T.","Anticancer Res. 2012 Apr;32(4):1457-61.","Anticancer Res.  2012","PubMed","citation","PMID:22493386","pubmed","22493386","create date:2012/04/12 | first author:Tamagawa H",
"Ileal metastasis of breast cancer in a patient with a BRCA2 gene mutation: report of a case.","/pubmed/21969203","Cho DH, Jeon YS, Choi MY, Lee SK, Kim SM, Hur SM, Koo MY, Bae SY, Choe JH, Kim JH, Kim JS, Nam SJ, Yang JH, Lee JE.","Surg Today. 2011 Dec;41(12):1665-9. doi: 10.1007/s00595-011-4503-5. Epub 2011 Oct 4.","Surg Today.  2011","PubMed","citation","PMID:21969203","pubmed","21969203","create date:2011/10/05 | first author:Cho DH",
"[Hereditary nonpolyposis colorectal cancer: analysis of a case and review of management].","/pubmed/21894727","Cubas Castillo R, Ballarino EA, Neirot P, Grasso RL.","Acta Gastroenterol Latinoam. 2011 Jun;41(2):137-41. Review. Spanish. ","Acta Gastroenterol Latinoam.  2011","PubMed","citation","PMID:21894727","pubmed","21894727","create date:2011/09/08 | first author:Cubas Castillo R",
"[Multimodal therapy for colon cancer: state of the art].","/pubmed/21863510","Weber T, Link KH.","Zentralbl Chir. 2011 Aug;136(4):325-33. doi: 10.1055/s-0031-1271562. Epub 2011 Aug 23. Review. German. ","Zentralbl Chir.  2011","PubMed","citation","PMID:21863510","pubmed","21863510","create date:2011/08/25 | first author:Weber T",
"FOLFOX plus cetuximab for a patient with metastatic colorectal cancer with icterus due to multiple liver metastases.","/pubmed/21772113","Mizota A, Shitara K, Kondo C, Nomura M, Yokota T, Takahari D, Ura T, Muro K.","Gan To Kagaku Ryoho. 2011 Jul;38(7):1205-8.","Gan To Kagaku Ryoho.  2011","PubMed","citation","PMID:21772113","pubmed","21772113","create date:2011/07/21 | first author:Mizota A",
"Modification and implementation of NCCN guidelines on colon cancer in the Middle East and North Africa region.","/pubmed/20697127","Içli F, Akbulut H, Bazarbashi S, Kuzu MA, Mallath MK, Rasul KI, Strong S, Syed AA, Zorlu F, Engstrom PF; MENA Colon Cancer Regional Guidelines Committee..","J Natl Compr Canc Netw. 2010 Jul;8 Suppl 3:S22-5.","J Natl Compr Canc Netw.  2010","PubMed","citation","PMID:20697127","pubmed","20697127","create date:2011/05/11 | first author:Içli F",
"A novel case of rhabdoid colon carcinoma associated with a positive CpG island methylator phenotype and BRAF mutation.","/pubmed/21315413","Pancione M, Di Blasi A, Sabatino L, Fucci A, Dalena AM, Palombi N, Carotenuto P, Aquino G, Daniele B, Normanno N, Colantuoni V.","Hum Pathol. 2011 Jul;42(7):1047-52. doi: 10.1016/j.humpath.2010.10.016. Epub 2011 Feb 11.","Hum Pathol.  2011","PubMed","citation","PMID:21315413","pubmed","21315413","create date:2011/02/15 | first author:Pancione M",
"KRAS mutation is associated with lung metastasis in patients with curatively resected colorectal cancer.","/pubmed/21239505","Tie J, Lipton L, Desai J, Gibbs P, Jorissen RN, Christie M, Drummond KJ, Thomson BN, Usatoff V, Evans PM, Pick AW, Knight S, Carne PW, Berry R, Polglase A, McMurrick P, Zhao Q, Busam D, Strausberg RL, Domingo E, Tomlinson IP, Midgley R, et al.","Clin Cancer Res. 2011 Mar 1;17(5):1122-30. doi: 10.1158/1078-0432.CCR-10-1720. Epub 2011 Jan 14.","Clin Cancer Res.  2011","PubMed","citation","PMID:21239505","pubmed","21239505","create date:2011/01/18 | first author:Tie J",
"[Efficacy of cetuximab combined with chemotherapy for patients with advanced colorectal cancer and unclear K-ras status].","/pubmed/21163071","Guo GF, Xia LP, Qiu HJ, Xu RH, Zhang B, Jiang WQ, Zhou FF, Wang F.","Zhonghua Zhong Liu Za Zhi. 2010 Oct;32(10):777-81. Chinese. ","Zhonghua Zhong Liu Za Zhi.  2010","PubMed","citation","PMID:21163071","pubmed","21163071","create date:2010/12/18 | first author:Guo GF",
"[Palliative chemotherapy for colorectal cancer--current state, significance, trends].","/pubmed/21154211","Stübs P, Habermann P, Wex C, Mohren M, Zierau K, Lippert H, Fahlke J.","Zentralbl Chir. 2010 Dec;135(6):535-40. doi: 10.1055/s-0030-1262701. Epub 2010 Dec 13. Review. German. ","Zentralbl Chir.  2010","PubMed","citation","PMID:21154211","pubmed","21154211","create date:2010/12/15 | first author:Stübs P",
"EGFR expression variance in paired colorectal cancer primary and metastatic tumors.","/pubmed/20595818","Yarom N, Marginean C, Moyana T, Gorn-Hondermann I, Birnboim HC, Marginean H, Auer RC, Vickers M, Asmis TR, Maroun J, Jonker D.","Cancer Biol Ther. 2010 Sep 1;10(5):416-21. Epub 2010 Sep 8.","Cancer Biol Ther.  2010","PubMed","citation","PMID:20595818","pubmed","20595818","create date:2010/07/03 | first author:Yarom N",
"Etk/Bmx regulates proteinase-activated-receptor1 (PAR1) in breast cancer invasion: signaling partners, hierarchy and physiological significance.","/pubmed/20559570","Cohen I, Maoz M, Turm H, Grisaru-Granovsky S, Maly B, Uziely B, Weiss E, Abramovitch R, Gross E, Barzilay O, Qiu Y, Bar-Shavit R.","PLoS One. 2010 Jun 15;5(6):e11135. doi: 10.1371/journal.pone.0011135. Erratum in: PLoS One. 2010;5(12) doi: 10.1371/annotation/7ed84180-ec3d-46c0-8c10-f7b830999f8d. ","PLoS One.  2010","PubMed","citation","PMID:20559570 | PMCID:PMC2886121","pubmed","20559570","create date:2010/06/19 | first author:Cohen I",
"Diagnosis of primary versus metastatic ovarian adenocarcinoma using p53 gene mutation analysis.","/pubmed/20514505","Yamano T, Morii E, Arai I, Takada T, Kubota K, Sato M, Inoue T, Okada Y, Hara T, Aozasa K.","Int J Clin Oncol. 2010 Dec;15(6):621-5. doi: 10.1007/s10147-010-0096-z. Epub 2010 Jun 1.","Int J Clin Oncol.  2010","PubMed","citation","PMID:20514505","pubmed","20514505","create date:2010/06/02 | first author:Yamano T",
"[Specific treatment situations in metastatic colorectal cancer].","/pubmed/20431307","Arnold D, Schmoll HJ, Lang H, Knoefel WT, Ridwelski K, Trarbach T, Staib L, Kirchner T, Geissler M, Seufferlein T, Amthauer H, Riess H, Schlitt HJ, Piso P.","Onkologie. 2010;33 Suppl 4:8-18. doi: 10.1159/000308447. Epub 2010 Apr 23. Review. German. ","Onkologie.  2010","PubMed","citation","PMID:20431307","pubmed","20431307","create date:2010/05/07 | first author:Arnold D",
"Cetuximab and circadian chronomodulated chemotherapy as salvage treatment for metastatic colorectal cancer (mCRC): safety, efficacy and improved secondary surgical resectability.","/pubmed/20401611","Lévi F, Karaboué A, Gorden L, Innominato PF, Saffroy R, Giacchetti S, Hauteville D, Guettier C, Adam R, Bouchahda M.","Cancer Chemother Pharmacol. 2011 Feb;67(2):339-48. doi: 10.1007/s00280-010-1327-8. Epub 2010 Apr 17.","Cancer Chemother Pharmacol.  2011","PubMed","citation","PMID:20401611","pubmed","20401611","create date:2010/04/20 | first author:Lévi F",
"Metastasis of colon cancer to the thyroid gland: a case diagnosed on fine-needle aspirate by a combined cytological, immunocytochemical, and molecular approach.","/pubmed/20213843","Cozzolino I, Malapelle U, Carlomagno C, Palombini L, Troncone G.","Diagn Cytopathol. 2010 Dec;38(12):932-5. doi: 10.1002/dc.21346.","Diagn Cytopathol.  2010","PubMed","citation","PMID:20213843","pubmed","20213843","create date:2010/03/10 | first author:Cozzolino I",
"Gastrointestinal stromal tumor of the digestive organs: a histopathologic study of 31 cases in a single Japanese institute.","/pubmed/20126584","Terada T.","Int J Clin Exp Pathol. 2009 Nov 25;3(2):162-8.","Int J Clin Exp Pathol.  2009","PubMed","citation","PMID:20126584 | PMCID:PMC2809996","pubmed","20126584","create date:2010/02/04 | first author:Terada T",
"[A case of liver metastasis treated by cetuximab monotherapy with partial response].","/pubmed/20037354","Murata K, Ide Y, Nagase H, Mukai R, Okada K, Ota H, Maruyama K, Yokouchi H, Hayashi M, Tanaka S, Oka A, Kinuta M.","Gan To Kagaku Ryoho. 2009 Nov;36(12):2155-7. Japanese. ","Gan To Kagaku Ryoho.  2009","PubMed","citation","PMID:20037354","pubmed","20037354","create date:2009/12/29 | first author:Murata K",
"Technique of right hemihepatectomy preserving ventral right anterior section guided by area of hepatic venous drainage.","/pubmed/19744462","Tanaka K, Matsumoto C, Takakura H, Matsuo K, Nagano Y, Endo I, Togo S, Shimada H, Bourquain H, Peitgen HO.","Surgery. 2010 Mar;147(3):450-8. doi: 10.1016/j.surg.2009.04.020.","Surgery.  2010","PubMed","citation","PMID:19744462","pubmed","19744462","create date:2009/09/12 | first author:Tanaka K",
"[Two cases of KRAS wild-type unresectable or recurrent colorectal cancer effectively treated by cetuximab after progression of prior chemotherapy].","/pubmed/19542725","Yoda Y, Yoshino T, Kadowaki S, Bando H, Okano S, Fukushima H, Fuse N, Tahara M, Doi T, Ohtsu A.","Gan To Kagaku Ryoho. 2009 Jun;36(6):1003-6. Japanese. ","Gan To Kagaku Ryoho.  2009","PubMed","citation","PMID:19542725","pubmed","19542725","create date:2009/06/23 | first author:Yoda Y",
"First-line combination treatment of colorectal cancer with hepatic metastases: choosing a targeted agent.","/pubmed/19101405","Lenz HJ.","Cancer Treat Rev. 2008;34 Suppl 2:S3-7. doi: 10.1016/S0305-7372(08)70002-1.","Cancer Treat Rev.  2008","PubMed","citation","PMID:19101405","pubmed","19101405","create date:2008/12/23 | first author:Lenz HJ",
"Urological malignancy as a complication of renal transplantation: a report of twelve clinical cases.","/pubmed/18365395","Zhou M, Zhu Y, Wang L, Wang Y, Fu S, Min Z.","Clin Transpl. 2006:395-8.","Clin Transpl.  2006","PubMed","citation","PMID:18365395","pubmed","18365395","create date:2008/03/28 | first author:Zhou M",
"Loss of Smad4 expression predicts liver metastasis in human colorectal cancer.","/pubmed/17390050","Losi L, Bouzourene H, Benhattar J.","Oncol Rep. 2007 May;17(5):1095-9.","Oncol Rep.  2007","PubMed","citation","PMID:17390050","pubmed","17390050","create date:2007/03/29 | first author:Losi L",
"Carcinosarcoma of the colon: report of a case with morphological, ultrastructural and molecular analysis.","/pubmed/16836749","Ambrosini-Spaltro A, Vaira V, Braidotti P, Rovati MP, Ferrero S, Bosari S.","BMC Cancer. 2006 Jul 12;6:185.","BMC Cancer.  2006","PubMed","citation","PMID:16836749 | PMCID:PMC1570146","pubmed","16836749","create date:2006/07/14 | first author:Ambrosini-Spaltro A",
"P53 mutation analysis of colorectal liver metastases: relation to actual survival, angiogenic status, and p53 overexpression.","/pubmed/15930341","de Jong KP, Gouw AS, Peeters PM, Bulthuis M, Menkema L, Porte RJ, Slooff MJ, van Goor H, van den Berg A.","Clin Cancer Res. 2005 Jun 1;11(11):4067-73.","Clin Cancer Res.  2005","PubMed","citation","PMID:15930341","pubmed","15930341","create date:2005/06/03 | first author:de Jong KP",
"[New orientations in the management of advanced, metastatic gastrointestinal stromal tumors (GIST): combination of surgery and systemic therapy with imatinib in a case of primary gastric location].","/pubmed/15832750","Catani M, De Milito R, Simi M.","Chir Ital. 2005 Jan-Feb;57(1):127-33. Italian. ","Chir Ital.  2005","PubMed","citation","PMID:15832750","pubmed","15832750","create date:2005/04/19 | first author:Catani M",
"[Current diagnostics and therapy for carcinomas of the biliary tree and gallbladder].","/pubmed/15765304","Wiedmann M, Schoppmeyer K, Witzigmann H, Hauss J, Mössner J, Caca K.","Z Gastroenterol. 2005 Mar;43(3):305-15. Review. German. ","Z Gastroenterol.  2005","PubMed","citation","PMID:15765304","pubmed","15765304","create date:2005/03/15 | first author:Wiedmann M",
"Allochronic overlapping malignancies after renal transplantation in a patient with p53 gene mutation: report of a case.","/pubmed/15108094","Kitayama T, Marubayashi S, Hayamizu K, Tashiro H, Ohdan H, Ikeda S, Okimoto T, Okajima M, Kataoka T, Sugino K, Asahara T, Fukuda Y, Dohi K.","Surg Today. 2004;34(5):473-6. Review.","Surg Today.  2004","PubMed","citation","PMID:15108094","pubmed","15108094","create date:2004/04/27 | first author:Kitayama T",
"Safety and growth suppressive effect of intra-hepatic arterial injection of AdCMV-p53 combined with CDDP to rat liver metastatic tumors.","/pubmed/14582698","Okimoto T, Yahata H, Itou H, Shinozaki K, Tanji H, Sakaguchi T, Asahara T.","J Exp Clin Cancer Res. 2003 Sep;22(3):399-406.","J Exp Clin Cancer Res.  2003","PubMed","citation","PMID:14582698","pubmed","14582698","create date:2003/10/30 | first author:Okimoto T",
"Pathology and diagnostic criteria of gastrointestinal stromal tumors (GISTs): a review.","/pubmed/12528772","Miettinen M, Majidi M, Lasota J.","Eur J Cancer. 2002 Sep;38 Suppl 5:S39-51. Review.","Eur J Cancer.  2002","PubMed","citation","PMID:12528772","pubmed","12528772","create date:2003/01/17 | first author:Miettinen M",
"A phase II trial of farnesyl protein transferase inhibitor SCH 66336, given by twice-daily oral administration, in patients with metastatic colorectal cancer refractory to 5-fluorouracil and irinotecan.","/pubmed/12176785","Sharma S, Kemeny N, Kelsen DP, Ilson D, O'Reilly E, Zaknoen S, Baum C, Statkevich P, Hollywood E, Zhu Y, Saltz LB.","Ann Oncol. 2002 Jul;13(7):1067-71.","Ann Oncol.  2002","PubMed","citation","PMID:12176785","pubmed","12176785","create date:2002/08/15 | first author:Sharma S",
"p53 mutation found to be a significant prognostic indicator in distal colorectal cancer.","/pubmed/11295071","Okubo R, Masuda H, Nemoto N.","Oncol Rep. 2001 May-Jun;8(3):509-14.","Oncol Rep.  2001","PubMed","citation","PMID:11295071","pubmed","11295071","create date:2001/04/11 | first author:Okubo R",
"Relevance of Ki-67 antigen expression and K-ras mutation in colorectal liver metastases.","/pubmed/11237496","Petrowsky H, Sturm I, Graubitz O, Kooby DA, Staib-Sebler E, Gog C, Köhne CH, Hillebrand T, Daniel PT, Fong Y, Lorenz M.","Eur J Surg Oncol. 2001 Feb;27(1):80-7.","Eur J Surg Oncol.  2001","PubMed","citation","PMID:11237496","pubmed","11237496","create date:2001/03/10 | first author:Petrowsky H",
"Specific mutation in exon 11 of c-kit proto-oncogene in a malignant gastrointestinal stromal tumor of the rectum.","/pubmed/11063223","Yamaguchi M, Miyaki M, Iijima T, Matsumoto T, Kuzume M, Matsumiya A, Endo Y, Sanada Y, Kumada K.","J Gastroenterol. 2000;35(10):779-83.","J Gastroenterol.  2000","PubMed","citation","PMID:11063223","pubmed","11063223","create date:2000/11/04 | first author:Yamaguchi M",
"[Mutation of APC gene in sporadic colorectal tumors].","/pubmed/10921028","Yu C, Wang J.","Zhonghua Zhong Liu Za Zhi. 1998 Sep;20(5):348-50. Chinese. ","Zhonghua Zhong Liu Za Zhi.  1998","PubMed","citation","PMID:10921028","pubmed","10921028","create date:2000/08/02 | first author:Yu C",
"Molecular detection of neoplastic cells in lymph nodes of metastatic colorectal cancer patients predicts recurrence.","/pubmed/10499618","Sanchez-Cespedes M, Esteller M, Hibi K, Cope FO, Westra WH, Piantadosi S, Herman JG, Jen J, Sidransky D.","Clin Cancer Res. 1999 Sep;5(9):2450-4.","Clin Cancer Res.  1999","PubMed","citation","PMID:10499618","pubmed","10499618","create date:1999/09/28 | first author:Sanchez-Cespedes M",
"[A case of hepatic metastasis of rectal cancer with familial adenomatous polyposis treated by transarterial administration of low-dose leucovorin and 5-FU].","/pubmed/9492838","Ishii Y, Wakayama H, Nakayama K, Ami K, Iida M, Hotta M, Oota K, Yamazaki S, Takahashi M.","Gan To Kagaku Ryoho. 1998 Feb;25(3):419-22. Japanese. ","Gan To Kagaku Ryoho.  1998","PubMed","citation","PMID:9492838","pubmed","9492838","create date:1998/03/11 | first author:Ishii Y",
"Microsatellite instability in sporadic-colon-cancer patients with and without liver metastases.","/pubmed/9291442","Chen WS, Chen JY, Liu JM, Lin WC, King KL, Whang-Peng J, Yang WK.","Int J Cancer. 1997 Aug 22;74(4):470-4.","Int J Cancer.  1997","PubMed","citation","PMID:9291442","pubmed","9291442","create date:1997/08/22 | first author:Chen WS",
"Orthotopic xenografts of human pancreatic carcinomas acquire genetic aberrations during dissemination in nude mice.","/pubmed/8971180","Reyes G, Villanueva A, García C, Sancho FJ, Piulats J, Lluís F, Capellá G.","Cancer Res. 1996 Dec 15;56(24):5713-9.","Cancer Res.  1996","PubMed","citation","PMID:8971180","pubmed","8971180","create date:1996/12/15 | first author:Reyes G",
"Hepatoblastoma and APC gene mutation in familial adenomatous polyposis.","/pubmed/9038672","Giardiello FM, Petersen GM, Brensinger JD, Luce MC, Cayouette MC, Bacon J, Booker SV, Hamilton SR.","Gut. 1996 Dec;39(6):867-9.","Gut.  1996","PubMed","citation","PMID:9038672 | PMCID:PMC1383462","pubmed","9038672","create date:1996/12/01 | first author:Giardiello FM",
"Double cancer in a 74-year-old woman: a case report with genetic findings.","/pubmed/8804161","Katada F, Murakami K, Uzuki M, Horii A.","Tohoku J Exp Med. 1996 Apr;178(4):437-45.","Tohoku J Exp Med.  1996","PubMed","citation","PMID:8804161","pubmed","8804161","create date:1996/04/01 | first author:Katada F",
"Mutation analysis of K-ras oncogenes in gastroenterologic cancers by the amplified created restriction sites method.","/pubmed/8249918","Lin SY, Chen PH, Wang CK, Liu JD, Siauw CP, Chen YJ, Yang MJ, Liu MH, Chen TC, Chang JG.","Am J Clin Pathol. 1993 Dec;100(6):686-9.","Am J Clin Pathol.  1993","PubMed","citation","PMID:8249918","pubmed","8249918","create date:1993/12/01 | first author:Lin SY",
"Hot spots"" mutation analysis of p53 gene in gastrointestinal cancers by amplification of naturally occurring and artificially created restriction sites.","/pubmed/7691445","Chen PH, Lin SY, Wang CK, Chen YJ, Chen TC, Chang JG.","Clin Chem. 1993 Oct;39(10):2186-91.","Clin Chem.  1993","PubMed","citation","PMID:7691445","pubmed","7691445","create date:1993/10/01 | first author:Chen PH",
